{
  "portrait": {
    "play": {
      "src": "preload/loader/play.png"
    },
    "progress": {
      "src": "preload/loader/progress.png"
    },
    "progressFill": {
      "src": "preload/loader/progress_fill.png"
    },
    "logo": {
      "src": "preload/loader/logo.png",
      "removable": true
    },
    "background": {
      "src": "preload/loader/background_portrait.jpg"
    },
    "rotation": {
      "src": "preload/loader/portrait.png"
    }
  },

  "landscape": {
    "play": {
      "src": "preload/loader/play.png"
    },
    "progress": {
      "src": "preload/loader/progress.png"
    },
    "progressFill": {
      "src": "preload/loader/progress_fill.png"
    },
    "logo": {
      "src": "preload/loader/logo.png",
      "removable": true
    },
    "background": {
      "src": "preload/loader/background_landscape.jpg"
    },
    "rotation": {
      "src": "preload/loader/landscape.png"
    }
  }
}