{
  "portrait": [
    {
      "id": "play",
      "src": "preload/loader/play.png",
      "type": "image",
      "skill": "basic"
    },
    {
      "id": "progress",
      "src": "preload/loader/progress.png",
      "type": "image",
      "skill": "basic"
    },
    {
      "id": "progressFill",
      "src": "preload/loader/progress_fill.png",
      "type": "image",
      "skill": "basic"
    },
    {
      "id": "logo",
      "src": "preload/loader/logo.png",
      "removable": true,
      "type": "image",
      "skill": "basic"
    },
    {
      "id": "background",
      "src": "preload/loader/background_portrait.jpg",
      "type": "image",
      "skill": "basic"
    },
    {
      "id": "rotation",
      "src": "preload/loader/portrait.png",
      "type": "image",
      "skill": "basic"
    }
  ],

  "landscape": [
    {
      "id": "play",
      "src": "preload/loader/play.png",
      "type": "image",
      "skill": "basic"
    },
    {
      "id": "progress",
      "src": "preload/loader/progress.png",
      "type": "image",
      "skill": "basic"
    },
    {
      "id": "progressFill",
      "src": "preload/loader/progress_fill.png",
      "type": "image",
      "skill": "basic"
    },
    {
      "id": "logo",
      "src": "preload/loader/logo.png",
      "removable": true,
      "type": "image",
      "skill": "basic"
    },
    {
      "id": "background",
      "src": "preload/loader/background_landscape.jpg",
      "type": "image",
      "skill": "basic"
    },
    {
      "id": "rotation",
      "src": "preload/loader/landscape.png",
      "type": "image",
      "skill": "basic"
    }
  ]
}