{
  "demo": {
    "container": {
      "x": 400,
      "y": 640
    },
    "background": {
      "width": 560
    },
    "message": {
      "font": "bold 24pt Arial,Helvetica,sans-serif",
      "y": 20,
      "x": 280,
      "lineWidth": 520,
      "textAlign": "center"
    },
    "buttons": {
      "x": 280,
      "y": 80
    },
    "buttonLabel": {
      "font": "32pt Arial,Helvetica,sans-serif",
      "x": 270,
      "y": 60,
      "maxWidth": 520
    },
    "buttonBackground": {
      "width": 540,
      "height": 120
    },
    "buttonSpacing": 10
  },

  "error": {
    "errorTitle": {
      "x": 400,
      "y": 200,
      "font": "80px OpenSans-Regular,Arial,Helvetica,sans-serif",
      "textAlign": "center",
      "lineWidth": 740
    },
    "errorMessage": {
      "x": 400,
      "y": 340,
      "font": "40px OpenSans-Regular,Arial,Helvetica,sans-serif",
      "textAlign": "center",
      "lineWidth": 700,
      "lineHeight": 54
    },
    "btnTellUs": {
      "regX": 100,
      "regY": 38,
      "x": 400,
      "y": 960
    },
    "txtTellUs": {
      "x": 100,
      "y": 0,
      "font": "52px OpenSans-Regular,Arial,Helvetica,sans-serif",
      "textAlign": "center"
    },
    "code": {
      "x": 400,
      "y": 1200,
      "textAlign": "center",
      "font": "36px OpenSans-Regular,Arial,Helvetica,sans-serif"
    },
    "downloadButton": {
      "x": 400,
      "y": 850
    }
  },

  "exitView": {
    "bigwin": {
      "winner": {
        "x": 400,
        "y": 550
      },
      "button": {
        "x": 400,
        "y": 1035
      }
    },
    "smallwin": {
      "gift": {
        "x": 400,
        "y": 550
      },
      "button": {
        "x": 400,
        "y": 925
      }
    },
    "nowin": {
      "button": {
        "x": 400,
        "y": 810
      }
    }
  },

  "loader": {
    "logo": {
      "x": 400,
      "y": 400
    },
    "logoArea": {
      "width": 600,
      "height": 600
    },
    "progressBarContainer" : {
      "x": 400,
      "y": 810
    },
    "progressBar": {
      "y": 90
    },
    "progressText": {
      "font": "48px Arial,Helvetica,sans-serif",
      "textAlign": "center"
    },
    "playContainer": {
      "x": 400,
      "y": 870
    },
    "rotation": {
      "x": 400,
      "y": 1170,
      "scaleX": 0.6,
      "scaleY": 0.6
    }
  }

}