{
  "demo": {
    "container": {
      "x": 640,
      "y": 400
    },
    "background": {
      "width": 560
    },
    "message": {
      "font": "bold 24pt Arial,Helvetica,sans-serif",
      "y": 20,
      "x": 280,
      "lineWidth": 520,
      "textAlign": "center"
    },
    "buttons": {
      "x": 280,
      "y": 80
    },
    "buttonLabel": {
      "font": "24pt Arial,Helvetica,sans-serif",
      "x": 270,
      "y": 60,
      "maxWidth": 520
    },
    "buttonBackground": {
      "width": 540,
      "height": 120
    },
    "buttonSpacing": 10
  },

  "error": {
    "errorTitle": {
      "x": 640,
      "y": 100,
      "font": "80px OpenSans-Regular,Arial,Helvetica,sans-serif",
      "textAlign": "center",
      "lineWidth": 1150
    },
    "errorMessage": {
      "x": 640,
      "y": 260,
      "font": "40px OpenSans-Regular,Arial,Helvetica,sans-serif",
      "textAlign": "center",
      "lineWidth": 1150,
      "lineHeight": 54
    },
    "btnTellUs": {
      "regX": 100,
      "regY": 38,
      "x": 640,
      "y": 660
    },
    "txtTellUs": {
      "x": 100,
      "y": 0,
      "font": "52px OpenSans-Regular,Arial,Helvetica,sans-serif",
      "textAlign": "center"
    },
    "code": {
      "x": 1250,
      "y": 720,
      "textAlign": "right",
      "font": "36px OpenSans-Regular,Arial,Helvetica,sans-serif"
    },
    "downloadButton": {
      "x": 640,
      "y": 600
    }
  },

  "exitView": {
    "bigwin": {
      "winner": {
        "x": 640,
        "y": 330
      },
      "button": {
        "x": 640,
        "y": 655
      }
    },
    "smallwin": {
      "gift": {
        "x": 640,
        "y": 320
      },
      "button": {
        "x": 630,
        "y": 645
      }
    },
    "nowin": {
      "button": {
        "x": 640,
        "y": 555
      }
    }
  },

  "loader": {
    "logo": {
      "x": 320,
      "y": 400
    },
    "logoArea": {
      "width": 600,
      "height": 600
    },
    "progressBarContainer" : {
      "x": 950,
      "y": 350
    },
    "progressBar": {
      "y": 30
    },
    "progressText": {
      "font": "48px Arial,Helvetica,sans-serif",
      "textAlign": "center"
    },
    "playContainer": {
      "x": 960,
      "y": 370
    },
    "rotation": {
      "x": 960,
      "y": 700,
      "scaleX": 0.6,
      "scaleY": 0.6
    }
  }

}