{
  "scenarios": [
    {
      "id": "smallwin",
      "label": "Small Win",
      "responses": {
        "playResultRequest": [
          {
            "result": "smallwin"
          }
        ]
      }
    },
    {
      "id": "bigwin",
      "label": "Big Win",
      "responses": {
        "playResultRequest": [
          {
            "result": "bigwin"
          }
        ]
      }
    },
    {
      "id": "lose",
      "label": "No Win",
      "responses": {
        "playResultRequest": [
          {
            "result": "lose"
          }
        ]
      }
    },
    {
      "id": "leaderboard",
      "label": "LeaderBoard, No Prizes",
      "responses": {
        "gameResultRequest": [
          {}
        ]
      }
    }
  ]
}